wavenumber_cm1,reflectance
944,0.364997
860,0.496392
704,0.991006
680,0.921554
644,0.523404
