wavenumber_cm1,reflectance
584,0.1298429378
609,0.1524448119
644,0.0825026809
680,0.07887871092
704,0.09460010244
809,0.1982464816
860,0.3628505963
899,0.5511396825
944,0.5255706851
