wavenumber_cm1,reflectance
584,0.03221123452
609,0.02957889988
644,0.01627915183
680,0.02181473386
704,0.01756618956
809,0.0341080191
860,0.07767956185
899,0.06450385804
944,0.03748338931
