wavenumber_cm1,reflectance
944,0.682546
860,0.640662
704,0.332684
680,0.286201
644,0.262563
